area,area_units,is_house,has_pool,age,price,lat,lon,rooms
96.00371747211896,m2,1,0,18.0,879.0,40.75214852733196,-74.00201609853491,3.0
73.0,m2,0,0,2.0,166.0,-34.6169562208208,-58.388541103256,2.0
96.0,m2,1,0,16.0,173.0,-34.57847308329748,-58.40645814334772,3.0
132.0631970260223,m2,0,0,11.0,991.0,40.72513328899784,-74.00645631140337,4.0
94.05204460966544,m2,0,0,4.0,714.0,40.69028279760975,-74.01904574060755,3.0
59.0,m2,1,0,7.0,108.0,-34.551891221986146,-58.37234613753497,2.0
107.06319702602232,m2,0,0,10.0,793.0,40.73534529207805,-74.00155794317588,3.0
99.07063197026022,m2,1,0,19.0,891.0,40.73533141685328,-73.97148246183771,3.0
76.02230483271376,m2,0,0,11.0,564.0,40.7158051035125,-73.993339373083,2.0
102.04460966542752,m2,0,0,9.0,759.0,40.71283909531505,-73.9677501439905,3.0
88.0,m2,0,0,6.0,165.0,-34.5888282469238,-58.39400431328072,2.0
83.0,m2,0,0,8.0,139.0,-34.609294610752265,-58.41589572384259,2.0
114.03345724907064,m2,0,0,1.0,930.0,40.69016114619563,-74.0369377786981,3.0
82.06319702602231,m2,0,0,12.0,608.0,40.69127430075096,-73.99669864267402,2.0
66.0,m2,1,0,8.0,132.0,-34.623728380995274,-58.32326479675453,2.0
92.00743494423791,m2,0,1,3.0,875.0,40.713564820924496,-74.0108590872483,3.0
127.0,m2,1,0,8.0,245.0,-34.6273259734437,-58.33912913463191,4.0
146.09665427509293,m2,1,1,19.0,1472.0,40.68868607723872,-74.04728555442654,4.0
60.0,m2,1,0,9.0,120.0,-34.619873586146404,-58.29591869096136,2.0
40.0,m2,1,0,17.0,73.0,-34.56739608353399,-58.40228641299996,1.0
69.9814126394052,m2,0,0,12.0,506.0,40.75759768652151,-74.03588503136531,2.0
114.0,m2,0,0,14.0,187.0,-34.60717740224344,-58.40737733496344,3.0
67.00743494423791,m2,1,0,19.0,616.0,40.72097271796503,-74.03798797516102,2.0
157.0631970260223,m2,0,0,14.0,1194.0,40.71700911065864,-73.99801134444812,5.0
68.0,m2,1,0,19.0,118.0,-34.595679382346546,-58.345657987068414,2.0
55.01858736059479,m2,0,0,10.0,412.0,40.709075871325766,-73.96913254073735,2.0
195.0,m2,1,0,19.0,341.0,-34.630484154238566,-58.31191318552812,5.0
69.05204460966543,m2,0,0,12.0,511.0,40.68402597154574,-74.02362696976888,2.0
98.0,m2,0,0,10.0,191.0,-34.59450967984229,-58.383538912832094,3.0
114.03345724907064,m2,0,0,15.0,826.0,40.7306182621169,-74.0093160462217,3.0
132.0,m2,1,1,13.0,277.0,-34.5852387514146,-58.428548261004096,4.0
69.0,m2,0,0,6.0,113.0,-34.54367767615351,-58.333959683423735,2.0
90.0,m2,1,1,9.0,200.0,-34.6423996582422,-58.36929288727068,2.0
111.0,m2,1,0,6.0,218.0,-34.62322989390119,-58.35441786057866,3.0
125.0,m2,1,0,12.0,226.0,-34.52562776360371,-58.37284305430417,4.0
99.07063197026022,m2,0,0,4.0,815.0,40.71538043858628,-74.01127200931515,3.0
109.01486988847584,m2,1,0,19.0,993.0,40.73577183729925,-74.02403554814016,3.0
84.01486988847584,m2,0,0,12.0,668.0,40.71765639833886,-74.0042319190913,2.0
68.0,m2,1,1,17.0,142.0,-34.60087015270273,-58.40065395988959,2.0
92.00743494423791,m2,1,0,11.0,863.0,40.70710913173206,-73.96970768717519,3.0
102.04460966542752,m2,0,0,5.0,785.0,40.68576054724748,-74.00320470508731,3.0
91.0,m2,0,0,3.0,168.0,-34.65211901872684,-58.4455220925028,2.0
103.06691449814129,m2,0,0,2.0,820.0,40.72300824183233,-73.98808015150941,3.0
112.0,m2,1,0,10.0,210.0,-34.5645724851946,-58.37005940663499,3.0
227.0,m2,1,0,19.0,388.0,-34.56397963203994,-58.41327481071831,5.0
60.0371747211896,m2,0,0,15.0,459.0,40.71613416802678,-74.01450990200338,2.0
85.0,m2,1,0,14.0,150.0,-34.63435322814257,-58.4084458342472,2.0
141.0,m2,1,0,8.0,273.0,-34.51632317512653,-58.38111303836322,4.0
98.0,m2,1,1,17.0,192.0,-34.6184820931652,-58.34095479634122,3.0
92.00743494423791,m2,0,0,10.0,681.0,40.70700529396997,-74.03219934789398,3.0
142.0,m2,0,0,4.0,369.0,-34.605094162523265,-58.377005085137206,4.0
146.0,m2,1,0,11.0,265.0,-34.64103768914771,-58.44368572180257,4.0
78.06691449814126,m2,1,1,7.0,816.0,40.71128572301379,-74.03395020784764,2.0
92.0,m2,1,0,6.0,182.0,-34.64056978052428,-58.36538411408716,3.0
107.0,m2,0,0,2.0,229.0,-34.6136668463274,-58.3724207985609,3.0
84.01486988847584,m2,0,0,10.0,616.0,40.73453137607615,-73.99872137791463,2.0
136.0,m2,1,0,15.0,259.0,-34.62930916579346,-58.39054493517567,4.0
65.98513011152417,m2,0,0,1.0,536.0,40.73227975638727,-73.98618094575636,2.0
103.0,m2,0,1,1.0,249.0,-34.61224582643419,-58.36547740235204,3.0
80.0185873605948,m2,0,0,12.0,590.0,40.72649798811516,-74.01444042431994,2.0
112.0,m2,1,0,14.0,204.0,-34.63970780125188,-58.37980770934796,3.0
85.0,m2,1,1,11.0,176.0,-34.59982398253758,-58.334324880371724,2.0
101.0,m2,1,1,9.0,220.0,-34.64226366207211,-58.37094121592485,3.0
81.04089219330855,m2,0,0,11.0,630.0,40.718433488869024,-74.00869943941048,2.0
77.0,m2,0,1,6.0,151.0,-34.61872164325524,-58.32392295919051,2.0
91.07806691449814,m2,0,0,11.0,820.0,40.7108526613621,-74.00431587680998,2.0
65.0,m2,0,1,11.0,108.0,-34.56119778856057,-58.37411590806248,2.0
82.06319702602231,m2,0,0,4.0,678.0,40.71724340775831,-74.00082111947174,2.0
45.0,m2,1,0,10.0,79.0,-34.58904430038729,-58.35328273420713,1.0
52.973977695167285,m2,0,0,9.0,528.0,40.71443312801463,-74.00625821093001,2.0
65.98513011152417,m2,0,0,2.0,546.0,40.70330479464164,-74.00555839186471,2.0
65.98513011152417,m2,0,0,7.0,493.0,40.70615895650401,-74.0217395399245,2.0
85.0,m2,1,0,13.0,164.0,-34.598653941799064,-58.35199149801848,2.0
78.0,m2,1,0,15.0,144.0,-34.64882993882111,-58.40268960520493,2.0
48.0,m2,1,0,8.0,99.0,-34.621948324690926,-58.38762047005528,1.0
63.01115241635688,m2,0,1,10.0,526.0,40.70549072323805,-73.97668945784964,2.0
48.0,m2,1,0,13.0,115.0,-34.595346985823134,-58.37825236623778,1.0
74.07063197026022,m2,0,0,7.0,557.0,40.74086983139271,-74.00132502522062,2.0
75.0,m2,1,0,12.0,136.0,-34.68128689539218,-58.40459373355164,2.0
98.04832713754648,m2,0,0,14.0,716.0,40.73396472260845,-73.98857044573656,3.0
92.00743494423791,m2,1,0,16.0,843.0,40.68135758549919,-73.98626484697374,3.0
102.04460966542752,m2,0,0,4.0,851.0,40.71506026555642,-74.01044790013594,3.0
94.05204460966544,m2,0,0,4.0,725.0,40.71369852109751,-73.98970541754609,3.0
100.0,m2,0,1,8.0,179.0,-34.58913228376036,-58.32705087719509,3.0
144.0,m2,1,1,12.0,281.0,-34.68630209707138,-58.35381339720709,4.0
83.0,m2,1,0,13.0,149.0,-34.64597480111807,-58.33533888901907,2.0
100.0,m2,1,0,14.0,246.0,-34.60190005056841,-58.38674406500108,3.0
80.0,m2,1,0,15.0,140.0,-34.56515131906394,-58.41078961481966,2.0
98.0,m2,1,0,17.0,277.0,-34.60680247664524,-58.38385797127153,3.0
104.0,m2,1,0,16.0,193.0,-34.55736612530671,-58.332732345422265,3.0
107.0,m2,1,0,12.0,195.0,-34.623258202004614,-58.42547070981402,3.0
74.07063197026022,m2,0,0,12.0,548.0,40.690472581644606,-74.00266598964932,2.0
57.06319702602231,m2,0,0,9.0,432.0,40.7145739478987,-74.0303788001396,2.0
69.05204460966543,m2,0,0,2.0,566.0,40.71626372396144,-73.99504675969592,2.0
73.04832713754647,m2,1,0,9.0,685.0,40.739922743171455,-74.01950495044126,2.0
99.0,m2,1,1,13.0,197.0,-34.57236502061309,-58.4299192138243,3.0
105.0185873605948,m2,0,1,5.0,903.0,40.69053601025058,-74.01399100913282,3.0
92.0,m2,1,0,7.0,175.0,-34.596283384304634,-58.3467474960838,3.0
117.0,m2,1,0,6.0,226.0,-34.65304735124378,-58.3465130774062,4.0
115.0557620817844,m2,1,0,20.0,1049.0,40.743736066011536,-74.01051121967693,4.0
120.0,m2,0,0,5.0,218.0,-34.576339477964126,-58.36312951733667,4.0
134.0,m2,1,0,7.0,268.0,-34.567558849331505,-58.43133028572088,4.0
116.07806691449814,m2,0,0,11.0,854.0,40.73501154186333,-74.03050423483717,4.0
91.07806691449814,m2,1,1,15.0,918.0,40.66200696569295,-74.01505011245953,2.0
105.0185873605948,m2,0,0,5.0,814.0,40.72031176659963,-73.99659479457425,3.0
64.0,m2,1,0,9.0,124.0,-34.64726336235519,-58.33896144991664,2.0
103.0,m2,0,0,5.0,184.0,-34.53139306344824,-58.41969807757302,3.0
106.0,m2,0,0,15.0,170.0,-34.593561233257915,-58.36337818218392,3.0
99.0,m2,0,0,3.0,231.0,-34.59902862890253,-58.38650684989749,3.0
96.00371747211896,m2,0,0,13.0,697.0,40.69005113743344,-73.97087491730886,3.0
79.0,m2,1,0,16.0,147.0,-34.6636095062096,-58.42986586485012,2.0
121.0,m2,1,0,8.0,222.0,-34.56979400156834,-58.31790504906785,4.0
114.0,m2,1,0,9.0,222.0,-34.62169430186476,-58.42247049245244,3.0
89.0,m2,1,1,14.0,186.0,-34.65838774093,-58.43979192244272,2.0
87.0,m2,1,0,15.0,165.0,-34.6266683729511,-58.35116071745767,2.0
99.0,m2,1,0,8.0,218.0,-34.61118803861028,-58.372318025741606,3.0
102.04460966542752,m2,0,0,12.0,744.0,40.69050395581744,-73.99584994636798,3.0
157.0,m2,1,0,14.0,283.0,-34.525766452755136,-58.400925756878905,5.0
73.0,m2,1,0,20.0,123.0,-34.574829673640444,-58.32582389744016,2.0
156.04089219330857,m2,0,0,6.0,1181.0,40.699016457700985,-74.03322489384247,5.0
111.05947955390334,m2,0,0,8.0,834.0,40.69670430609226,-74.01838208863516,3.0
91.0,m2,0,0,3.0,179.0,-34.62045863019358,-58.3463048002973,2.0
72.02602230483272,m2,0,0,2.0,588.0,40.71303746808263,-74.01789551265252,2.0
98.04832713754648,m2,0,0,11.0,721.0,40.69805112053316,-73.99478367114862,3.0
87.0,m2,0,1,6.0,180.0,-34.620409092858985,-58.35747335672553,2.0
88.01115241635688,m2,0,0,13.0,631.0,40.67960256514936,-73.96382031868434,2.0
69.05204460966543,m2,0,0,8.0,516.0,40.707303115573644,-74.02545063656234,2.0
92.00743494423791,m2,0,1,14.0,758.0,40.70193191463185,-73.98939317171984,3.0
123.0,m2,1,0,11.0,243.0,-34.617028198016044,-58.35425205385756,4.0
67.0,m2,1,0,6.0,125.0,-34.65875767244764,-58.377511384443366,2.0
113.0,m2,1,1,10.0,235.0,-34.606374296166976,-58.41295228272159,3.0
44.98141263940521,m2,0,0,8.0,347.0,40.70497957123738,-74.00800507152188,1.0
113.01115241635688,m2,0,0,7.0,896.0,40.70430444846836,-74.00656089882949,3.0
168.0297397769517,m2,1,0,18.0,1537.0,40.7326935115385,-73.97042187778696,5.0
75.0,m2,0,0,10.0,120.0,-34.62814950238087,-58.328242882138646,2.0
104.0,m2,0,0,10.0,182.0,-34.59861919799765,-58.40315477947905,3.0
44.98141263940521,m2,1,0,15.0,404.0,40.7547435733551,-74.03240081457037,1.0
61.059479553903344,m2,0,0,4.0,495.0,40.7076787149261,-74.00097909869758,2.0
137.0817843866171,m2,0,0,3.0,1116.0,40.72061090377443,-74.00766852564902,4.0
103.0,m2,1,0,14.0,178.0,-34.632708473176564,-58.452281037012455,3.0
93.02973977695169,m2,0,0,13.0,714.0,40.70445138067645,-74.00944147803521,3.0
52.04460966542751,m2,1,0,13.0,473.0,40.672232681646,-73.97068233017865,2.0
122.02602230483272,m2,0,1,12.0,1003.0,40.72463412386424,-74.04241833758847,4.0
97.02602230483272,m2,0,0,14.0,872.0,40.71367539301914,-74.00829745291416,3.0
148.0,m2,0,0,3.0,263.0,-34.65224159946161,-58.43277773071952,4.0
105.0,m2,1,0,16.0,189.0,-34.587950900567535,-58.31013284030743,3.0
95.0743494423792,m2,0,0,5.0,712.0,40.66581448044283,-74.0116215906916,3.0
100.0,m2,0,0,4.0,770.0,40.710433595275966,-73.98752440952809,3.0
109.01486988847584,m2,0,0,13.0,805.0,40.69802156662512,-74.01512180981378,3.0
125.0,m2,0,0,11.0,917.0,40.71792526771872,-74.04055491484597,4.0
45.0,m2,1,0,13.0,90.0,-34.53106437496756,-58.43314574219045,1.0
122.0,m2,1,0,18.0,223.0,-34.609712651794766,-58.42816352196829,4.0
88.0,m2,0,0,8.0,148.0,-34.586197570287524,-58.36452034395122,2.0
96.0,m2,1,0,14.0,183.0,-34.55714329745585,-58.393789673693405,3.0
100.0,m2,1,0,12.0,930.0,40.67674215535616,-74.02852019620065,3.0
101.02230483271376,m2,0,0,2.0,805.0,40.695067744346495,-74.02742567120578,3.0
74.07063197026022,m2,0,1,5.0,627.0,40.72991622095757,-73.97481292145267,2.0
48.04832713754647,m2,1,1,8.0,499.0,40.674449454348434,-73.99615345942122,1.0
76.0,m2,1,0,9.0,147.0,-34.63112644200845,-58.35187939453203,2.0
91.07806691449814,m2,0,0,12.0,672.0,40.697201527801,-73.99126023318486,2.0
138.01115241635688,m2,0,0,2.0,1095.0,40.68069577801741,-74.01065517386455,4.0
85.0,m2,1,1,8.0,173.0,-34.63983429497675,-58.31533781618969,2.0
125.0,m2,0,0,1.0,1029.0,40.70858576953809,-74.0306273984369,4.0
72.02602230483272,m2,1,1,10.0,751.0,40.72622343814479,-74.04392912201224,2.0
92.00743494423791,m2,1,0,15.0,833.0,40.67363653595403,-74.03956540503977,3.0
49.0,m2,1,0,19.0,158.0,-34.60051865498633,-58.38150502996752,1.0
70.0,m2,0,0,5.0,140.0,-34.5872881274836,-58.37338508967595,2.0
94.05204460966544,m2,0,0,5.0,1169.0,40.71193861764822,-74.00625513326035,3.0
107.0,m2,1,1,13.0,213.0,-34.57069617990183,-58.33732865890068,3.0
81.04089219330855,m2,1,0,14.0,747.0,40.70954842701702,-73.96462768423437,2.0
56.04089219330855,m2,1,0,11.0,517.0,40.67764055900695,-74.00468164887671,2.0
126.0,m2,1,0,17.0,221.0,-34.666091478135144,-58.38504123626533,4.0
104.0,m2,1,0,12.0,186.0,-34.56131031889063,-58.41143898364948,3.0
40.05576208178439,m2,0,0,3.0,423.0,40.71183729916296,-74.0048798148068,1.0
57.06319702602231,m2,0,0,12.0,420.0,40.74334275461191,-74.01017408348939,2.0
127.0,m2,1,1,16.0,247.0,-34.657453958098806,-58.42845820521693,4.0
103.06691449814129,m2,1,0,12.0,948.0,40.667752605435815,-73.99236880448588,3.0
87.0,m2,1,0,20.0,170.0,-34.59756594441567,-58.3690972745667,2.0
79.0,m2,1,0,16.0,136.0,-34.6721738125419,-58.37292146210676,2.0
67.00743494423791,m2,0,0,15.0,502.0,40.704143101692175,-73.99573910348947,2.0
68.02973977695167,m2,0,0,10.0,497.0,40.73327662634272,-74.02292923515668,2.0
52.973977695167285,m2,0,0,12.0,392.0,40.684580322870325,-74.04427824884208,2.0
158.0,m2,0,1,2.0,394.0,-34.593962559638896,-58.37718438735757,5.0
91.0,m2,1,1,8.0,217.0,-34.61667720701,-58.38228345947669,2.0
112.0,m2,1,1,14.0,219.0,-34.65545471806369,-58.3099654063894,3.0
137.0817843866171,m2,0,0,7.0,1041.0,40.69910025440676,-74.01902462359743,4.0
97.02602230483272,m2,1,0,14.0,887.0,40.68725799268525,-74.04341363648011,3.0
61.0,m2,1,0,19.0,109.0,-34.62298118627903,-58.34301023027167,2.0
100.0,m2,0,0,6.0,766.0,40.695119974562616,-74.00865313769758,3.0
102.04460966542752,m2,0,0,4.0,773.0,40.67182083689431,-73.97213049504994,3.0
75.0,m2,0,0,14.0,545.0,40.726431596187766,-73.9644613797243,2.0
62.0,m2,1,0,7.0,295.0,-34.60284003769023,-58.38021871047674,2.0
77.0,m2,1,0,12.0,147.0,-34.63038847682812,-58.40161918306062,2.0
64.03345724907064,m2,0,0,7.0,481.0,40.67377126624984,-74.00629893138534,2.0
63.01115241635688,m2,1,0,15.0,572.0,40.673040760057575,-74.03530524275148,2.0
84.01486988847584,m2,0,0,6.0,627.0,40.668177395682704,-74.03187768035842,2.0
114.0,m2,1,1,11.0,237.0,-34.657644859525846,-58.41799742716827,3.0
134.01486988847583,m2,0,0,15.0,967.0,40.68948409941463,-74.00292443185194,4.0
128.0,m2,0,0,2.0,296.0,-34.613438560209715,-58.37992098949648,4.0
98.0,m2,1,0,15.0,170.0,-34.61473585481173,-58.423110164815,3.0
104.0,m2,1,0,9.0,209.0,-34.56921555579743,-58.40208313260113,3.0
68.0,m2,1,0,10.0,191.0,-34.6068865249018,-58.38392485184287,2.0
82.06319702602231,m2,0,0,2.0,654.0,40.7273792148954,-74.02127043190927,2.0
101.0,m2,0,0,13.0,159.0,-34.51831198351333,-58.38841944287652,3.0
65.98513011152417,m2,0,0,14.0,469.0,40.74294817810124,-74.00521948189805,2.0
40.0,m2,0,0,4.0,67.0,-34.59771837990366,-58.34509104372149,1.0
57.06319702602231,m2,0,0,6.0,431.0,40.74150365335903,-74.04578446648694,2.0
99.0,m2,0,0,3.0,245.0,-34.596663639352975,-58.38005076737392,3.0
90.0,m2,0,0,10.0,141.0,-34.57182733789378,-58.463168346251294,2.0
198.0483271375465,m2,0,0,6.0,1483.0,40.75275376158943,-74.0372408693785,5.0
88.0,m2,1,1,9.0,181.0,-34.631347804215466,-58.42031167420565,2.0
98.0,m2,0,0,15.0,182.0,-34.60135422010708,-58.39358315484791,3.0
117.00743494423791,m2,0,0,9.0,871.0,40.70555594165268,-73.97758581738438,4.0
78.0,m2,1,0,15.0,148.0,-34.65996976940642,-58.38941060113781,2.0
57.992565055762086,m2,1,0,16.0,529.0,40.69391843537883,-73.98274647276207,2.0
101.0,m2,0,0,7.0,185.0,-34.57762458729605,-58.37687990202216,3.0
61.059479553903344,m2,0,0,6.0,451.0,40.719244569451774,-73.963777314027,2.0
103.0,m2,1,0,15.0,190.0,-34.57367874000471,-58.4600960371477,3.0
130.0185873605948,m2,1,0,16.0,1196.0,40.70636725615652,-74.02839480710013,4.0
99.07063197026022,m2,1,0,16.0,914.0,40.709574200318826,-73.96401857504046,3.0
67.0,m2,1,1,14.0,137.0,-34.60103075240538,-58.36082054003359,2.0
98.04832713754648,m2,0,0,14.0,704.0,40.71545745333994,-74.03321597185735,3.0
110.0371747211896,m2,0,1,8.0,1464.0,40.7123548654344,-74.0064067281479,3.0
61.98884758364312,m2,0,0,7.0,464.0,40.66986299974605,-74.02941382368438,2.0
79.0,m2,1,0,13.0,142.0,-34.61406736404962,-58.44940894057646,2.0
63.0,m2,1,0,13.0,121.0,-34.543242031552815,-58.34002092777271,2.0
101.0,m2,0,0,15.0,203.0,-34.60106946717259,-58.374749107803765,3.0
92.00743494423791,m2,0,0,3.0,861.0,40.71379911811258,-74.00354189143069,3.0
63.0,m2,1,1,6.0,142.0,-34.67494829777315,-58.38117626642031,2.0
59.0,m2,1,0,7.0,123.0,-34.62217965699193,-58.422391657842525,2.0
105.0,m2,1,0,6.0,210.0,-34.549490005470616,-58.3980839158478,3.0
100.0,m2,0,1,13.0,187.0,-34.59383936016276,-58.39423880582691,3.0
122.02602230483272,m2,0,0,4.0,1220.0,40.7110743947741,-74.00530739170945,4.0
85.03717472118959,m2,0,0,8.0,665.0,40.70679322289146,-74.00098932864469,2.0
105.0185873605948,m2,0,0,11.0,1232.0,40.71279026882039,-74.00502912633675,3.0
103.99628252788104,m2,0,0,1.0,839.0,40.75192707476606,-74.01097439906614,3.0
125.0,m2,0,0,14.0,913.0,40.69403136046471,-73.99233321781783,4.0
69.0,m2,1,0,18.0,122.0,-34.63063140552585,-58.42647336808154,2.0
69.9814126394052,m2,0,0,10.0,652.0,40.714421359063365,-74.0044490644246,2.0
50.0,m2,0,0,9.0,375.0,40.74075679564308,-74.00194004101827,2.0
126.02230483271376,m2,0,0,2.0,1010.0,40.7201960271855,-74.02665570721138,4.0
88.01115241635688,m2,0,0,1.0,708.0,40.71405368133298,-74.0492828409311,2.0
64.03345724907064,m2,0,0,6.0,479.0,40.75039658075027,-74.00825450935261,2.0
61.0,m2,1,0,20.0,113.0,-34.575435747356885,-58.36376395179621,2.0
99.0,m2,1,1,13.0,267.0,-34.59779907584879,-58.38206378939369,3.0
93.0,m2,0,0,12.0,157.0,-34.60086566761738,-58.406862313466455,3.0
96.00371747211896,m2,0,0,9.0,704.0,40.7581777772938,-74.0003577984629,3.0
70.0,m2,1,0,8.0,142.0,-34.65925020433159,-58.31545698266764,2.0
110.0,m2,1,0,9.0,216.0,-34.58550537023762,-58.46132173308809,3.0
78.06691449814126,m2,0,0,6.0,587.0,40.69997380217505,-73.97397864142127,2.0
100.0,m2,0,0,13.0,728.0,40.73241271020476,-74.01514503875264,3.0
78.06691449814126,m2,0,0,11.0,563.0,40.672378356048064,-74.0266174858059,2.0
115.0557620817844,m2,0,0,14.0,836.0,40.716142575999335,-74.02388540756205,4.0
124.07063197026022,m2,0,0,4.0,978.0,40.71885671532067,-74.0193039134406,4.0
107.06319702602232,m2,0,1,13.0,894.0,40.72062188636464,-73.98463930214362,3.0
52.0,m2,0,0,10.0,156.0,-34.605973563880866,-58.37989426933661,2.0
68.02973977695167,m2,0,0,8.0,506.0,40.69132188104665,-73.9655695592159,2.0
113.01115241635688,m2,1,0,19.0,1024.0,40.668085019629466,-73.98765498237613,3.0
60.0371747211896,m2,0,1,7.0,508.0,40.74161521850638,-74.00108421432812,2.0
88.01115241635688,m2,0,0,5.0,671.0,40.679936798690704,-73.99205063135105,2.0
108.0,m2,1,0,11.0,193.0,-34.68037429415662,-58.350092213353626,3.0
59.01486988847584,m2,0,0,3.0,481.0,40.708895728734,-73.99963343509468,2.0
114.03345724907064,m2,0,0,12.0,820.0,40.759425735288616,-74.01697999931856,3.0
130.0,m2,0,0,10.0,252.0,-34.60056124023898,-58.39330086694485,4.0
76.0,m2,1,0,11.0,132.0,-34.585272376311465,-58.46244005486706,2.0
179.0,m2,1,0,14.0,325.0,-34.567397472111026,-58.34453886435874,5.0
164.0,m2,1,0,16.0,288.0,-34.645150161629566,-58.352845906804745,5.0
141.07806691449815,m2,0,0,2.0,1210.0,40.70774396881974,-74.00418939015213,4.0
98.04832713754648,m2,0,0,12.0,744.0,40.70971344920655,-74.01673852011557,3.0
129.08921933085503,m2,0,0,1.0,1051.0,40.72833807766527,-73.97789099634824,4.0
149.07063197026022,m2,0,0,1.0,1208.0,40.71504485399701,-74.04264575225663,4.0
98.04832713754648,m2,0,0,10.0,726.0,40.73605316321641,-74.02067230799062,3.0
40.0,m2,0,0,13.0,65.0,-34.606323366650415,-58.29995803515639,1.0
81.0,m2,1,0,10.0,150.0,-34.61662644079592,-58.43774055202884,2.0
103.0,m2,1,0,19.0,203.0,-34.59722077196493,-58.36546478117447,3.0
95.0743494423792,m2,0,0,3.0,744.0,40.69227015556922,-74.015529078594,3.0
97.0,m2,0,1,12.0,194.0,-34.61688455849006,-58.385255335001,3.0
100.0,m2,0,0,8.0,745.0,40.68633055551104,-74.02738015419321,3.0
111.05947955390334,m2,1,0,18.0,1029.0,40.70708816159852,-74.01949062148067,3.0
73.04832713754647,m2,0,0,11.0,530.0,40.69176527105504,-74.00338221190958,2.0
86.98884758364312,m2,0,0,12.0,636.0,40.67862393807643,-73.99713093813726,2.0
123.04832713754648,m2,1,1,10.0,1262.0,40.69961701068264,-73.95840602718546,4.0
103.99628252788104,m2,0,0,11.0,919.0,40.71021738306029,-74.00550965570586,3.0
99.0,m2,1,0,8.0,196.0,-34.550488871435284,-58.40231779249279,3.0
89.03345724907064,m2,0,0,6.0,666.0,40.71658292838012,-74.03047542187524,2.0
40.0,m2,1,0,9.0,74.0,-34.58892932523664,-58.35596095130559,1.0
101.02230483271376,m2,1,1,6.0,1561.0,40.71238418442572,-74.00583546300619,3.0
99.0,m2,1,0,10.0,187.0,-34.650410313371204,-58.42726501994907,3.0
59.01486988847584,m2,0,0,8.0,443.0,40.76336346322856,-74.02268055399267,2.0
56.0,m2,1,1,16.0,102.0,-34.52716451607854,-58.35418094390485,2.0
68.02973977695167,m2,0,0,2.0,543.0,40.71318471740924,-73.99075208242574,2.0
127.04460966542752,m2,0,0,15.0,923.0,40.74274572722728,-74.00363555442743,4.0
40.0,m2,1,0,15.0,80.0,-34.59356200738279,-58.352201336943374,1.0
77.04460966542752,m2,0,0,13.0,572.0,40.70400785134265,-73.9894087988759,2.0
61.059479553903344,m2,0,0,13.0,482.0,40.7178180934389,-74.0088558812103,2.0
115.0557620817844,m2,1,0,11.0,1065.0,40.76455043504889,-73.99057014655297,4.0
146.09665427509293,m2,0,0,10.0,1076.0,40.716106120865525,-73.97394770487975,4.0
90.0,m2,0,1,11.0,180.0,-34.59384224710798,-58.37273375677221,2.0
75.0,m2,1,0,8.0,140.0,-34.63426143926879,-58.39453198452563,2.0
80.0185873605948,m2,0,0,13.0,570.0,40.76061749692721,-73.98431088178164,2.0
82.0,m2,1,0,13.0,159.0,-34.5575299962682,-58.37334397467794,2.0
82.0,m2,1,0,16.0,183.0,-34.61142744977751,-58.38303458016411,2.0
89.03345724907064,m2,0,0,5.0,689.0,40.724150785097166,-73.99170332100347,2.0
115.0,m2,1,1,16.0,227.0,-34.58486059684984,-58.332298158785726,4.0
72.0,m2,1,0,14.0,135.0,-34.67988919738383,-58.389159943279886,2.0
107.06319702602232,m2,0,0,1.0,890.0,40.71489747137042,-74.02286062696678,3.0
108.0,m2,1,0,11.0,197.0,-34.59203857287838,-58.46826256045304,3.0
88.01115241635688,m2,1,0,8.0,847.0,40.72696690216394,-74.00210080736656,2.0
61.98884758364312,m2,0,0,10.0,455.0,40.69827215461736,-73.97514378809244,2.0
113.0,m2,1,0,17.0,189.0,-34.66536640037226,-58.36089229227994,3.0
86.05947955390334,m2,0,0,4.0,657.0,40.7262601238206,-73.97276306314252,2.0
138.01115241635688,m2,0,0,8.0,1023.0,40.6783099005615,-74.04402525603093,4.0
100.0,m2,1,1,16.0,199.0,-34.63084964679642,-58.459077833828765,3.0
134.01486988847583,m2,0,0,6.0,1005.0,40.73503108913854,-74.04565176451669,4.0
76.0,m2,1,0,17.0,143.0,-34.66002746219493,-58.40029035416615,2.0
56.0,m2,0,0,14.0,79.0,-34.61027888172014,-58.44189423976911,2.0
86.98884758364312,m2,0,0,6.0,659.0,40.732587290501286,-74.00997122349888,2.0
73.0,m2,1,0,14.0,135.0,-34.61112525596173,-58.30564907895479,2.0
82.99256505576209,m2,1,1,11.0,853.0,40.6666982346088,-74.00861694327051,2.0
176.0,m2,1,0,17.0,304.0,-34.54534516189391,-58.41725483944615,5.0
131.04089219330857,m2,0,0,13.0,1011.0,40.704742811283886,-74.00500179994235,4.0
99.0,m2,1,1,7.0,229.0,-34.60583919554468,-58.40359108770876,3.0
67.0,m2,1,0,18.0,119.0,-34.56422504174719,-58.31627615601354,2.0
77.0,m2,0,1,14.0,155.0,-34.613302672642455,-58.37378056493168,2.0
75.0,m2,0,0,1.0,619.0,40.70302823668129,-74.02612880738482,2.0
82.99256505576209,m2,0,0,14.0,589.0,40.67095518917642,-73.99637062821013,2.0
76.02230483271376,m2,0,0,10.0,567.0,40.72133862472952,-74.0154813106109,2.0
76.02230483271376,m2,0,0,12.0,564.0,40.7056682009254,-74.01880833926175,2.0
86.05947955390334,m2,1,0,13.0,793.0,40.71619009142467,-74.03438252933665,2.0
91.07806691449814,m2,1,0,9.0,843.0,40.70953127719599,-74.04937341261873,2.0
140.0557620817844,m2,0,0,5.0,1350.0,40.711722549675976,-74.00423834214916,4.0
51.02230483271376,m2,0,0,7.0,468.0,40.71512623060762,-74.00580248202675,2.0
75.0,m2,0,1,11.0,626.0,40.70043514420421,-73.97229611263614,2.0
127.0,m2,1,1,16.0,251.0,-34.60043724612064,-58.41526636386261,4.0
113.01115241635688,m2,0,0,10.0,825.0,40.74999223141526,-73.96755175229654,3.0
99.07063197026022,m2,0,0,13.0,712.0,40.6727402284369,-73.97851136497614,3.0
40.05576208178439,m2,0,0,6.0,301.0,40.71939173646858,-73.96491941584549,1.0
84.0,m2,0,0,11.0,140.0,-34.60729827653988,-58.40048169237246,2.0
124.0,m2,1,1,17.0,253.0,-34.547561991410284,-58.375851543689926,4.0
85.0,m2,1,0,10.0,152.0,-34.53654493893351,-58.41580664475755,2.0
71.0,m2,1,0,18.0,134.0,-34.57583922467926,-58.381355257521854,2.0
116.07806691449814,m2,0,0,6.0,874.0,40.680653746658535,-73.98681567689351,4.0
74.0,m2,1,0,14.0,138.0,-34.656065830709835,-58.44301947248748,2.0
100.0,m2,1,0,15.0,173.0,-34.57361245035254,-58.34569191946534,3.0
87.0,m2,0,0,14.0,144.0,-34.59791116659793,-58.407920231837245,2.0
64.03345724907064,m2,0,0,11.0,459.0,40.7627245942516,-74.00733385081094,2.0
85.03717472118959,m2,0,0,4.0,639.0,40.73986609484476,-74.0381008776879,2.0
113.0,m2,0,1,2.0,243.0,-34.641276063168135,-58.46244689940456,3.0
77.0,m2,1,0,15.0,133.0,-34.5493429086199,-58.3837844504693,2.0
98.0,m2,0,0,9.0,162.0,-34.66601456023064,-58.35203910353387,3.0
57.0,m2,1,0,16.0,96.0,-34.62305480525854,-58.41392210246889,2.0
78.99628252788104,m2,0,0,4.0,603.0,40.69963755345232,-74.02586725209801,2.0
152.0,m2,1,1,19.0,299.0,-34.64699598930885,-58.34591056933536,4.0
153.0,m2,0,0,2.0,302.0,-34.60813592777731,-58.411427252745966,4.0
111.0,m2,1,0,14.0,204.0,-34.6488964762111,-58.37953981167457,3.0
187.0,m2,1,0,7.0,366.0,-34.56805075097847,-58.44103643975173,5.0
168.0,m2,0,0,2.0,361.0,-34.591553418045024,-58.37527167479854,5.0
75.0,m2,1,0,17.0,125.0,-34.538501138768765,-58.41702822594771,2.0
131.04089219330857,m2,0,1,11.0,1090.0,40.72435868555092,-73.97568258492446,4.0
153.0,m2,1,1,16.0,294.0,-34.54060715935609,-58.392469228159854,4.0
78.0,m2,0,0,6.0,131.0,-34.579397634632635,-58.31070072489214,2.0
103.06691449814129,m2,0,0,7.0,797.0,40.72058398128356,-74.01439527521458,3.0
146.0,m2,1,0,16.0,250.0,-34.53313005911153,-58.3545713257048,4.0
46.0,m2,0,0,6.0,93.0,-34.6192891687744,-58.39552906632112,1.0
78.0,m2,1,0,19.0,143.0,-34.57664247909302,-58.43298557365596,2.0
102.04460966542752,m2,0,0,6.0,762.0,40.74045560835481,-74.02430620879947,3.0
114.0,m2,0,0,7.0,199.0,-34.57921485876895,-58.38926224499429,3.0
113.0,m2,0,0,11.0,191.0,-34.578120326997855,-58.389907301176365,3.0
144.0,m2,1,0,20.0,258.0,-34.60630480532821,-58.3305452840252,4.0
80.0185873605948,m2,0,0,6.0,620.0,40.71484988800837,-73.99608178993051,2.0
131.04089219330857,m2,0,0,5.0,987.0,40.704879834394816,-74.05823818951578,4.0
118.0,m2,1,0,14.0,220.0,-34.540019263707,-58.42197335442518,4.0
80.0185873605948,m2,0,0,12.0,860.0,40.713686102519375,-74.00511463864719,2.0
68.0,m2,1,0,14.0,134.0,-34.56841299826412,-58.38365943363549,2.0
118.0,m2,1,0,11.0,214.0,-34.67202908862902,-58.43188642711857,4.0
73.0,m2,0,0,13.0,138.0,-34.60839186404813,-58.37172123023287,2.0
98.0,m2,0,1,9.0,195.0,-34.60778195555358,-58.400718660627874,3.0
132.0,m2,1,0,10.0,246.0,-34.59803183669411,-58.462165204159575,4.0
140.0557620817844,m2,0,0,11.0,1032.0,40.69145198696563,-73.99355829919087,4.0
93.0,m2,1,0,12.0,163.0,-34.574171829161386,-58.2978109212357,3.0
119.05204460966544,m2,0,0,14.0,895.0,40.71354608663575,-74.01851469347577,4.0
59.0,m2,1,0,8.0,122.0,-34.66113195200879,-58.33474431399497,2.0
88.01115241635688,m2,0,0,12.0,769.0,40.71447915581684,-74.00351962141636,2.0
100.0,m2,0,0,11.0,747.0,40.69289652749857,-74.01222255137218,3.0
48.97769516728625,m2,0,0,10.0,413.0,40.713863039248274,-74.00977090224352,1.0
98.04832713754648,m2,0,0,13.0,964.0,40.71261249169618,-74.0044145535658,3.0
91.07806691449814,m2,0,0,5.0,697.0,40.67863518365544,-74.02198666005734,2.0
61.98884758364312,m2,0,0,4.0,470.0,40.66765664488727,-73.99799314202842,2.0
91.07806691449814,m2,0,0,15.0,654.0,40.67941359144382,-74.0207551439424,2.0
44.0,m2,1,0,6.0,89.0,-34.6158636795461,-58.44110490598777,1.0
117.00743494423791,m2,0,0,3.0,916.0,40.6903181026358,-74.00133612057488,4.0
137.0,m2,1,0,16.0,264.0,-34.61830911766713,-58.36859246783387,4.0
59.01486988847584,m2,1,0,18.0,546.0,40.67906350455483,-74.00784396350046,2.0
78.0,m2,1,0,17.0,140.0,-34.633099593467605,-58.39639511619807,2.0
90.0,m2,0,0,3.0,167.0,-34.57553515848627,-58.34485668256757,2.0
84.0,m2,1,1,11.0,170.0,-34.54666182750745,-58.33227879035926,2.0
71.00371747211896,m2,1,0,12.0,661.0,40.69970430953907,-74.05203567786562,2.0
88.01115241635688,m2,0,0,12.0,632.0,40.68113065357488,-73.98310450960398,2.0
201.1152416356877,m2,0,0,7.0,1584.0,40.7190207382636,-74.00062654883413,5.0
150.0,m2,1,0,16.0,368.0,-34.59891504542768,-58.3852833143177,4.0
129.0,m2,1,0,7.0,254.0,-34.67459972822838,-58.35333310431642,4.0
40.98513011152416,m2,0,0,10.0,306.0,40.69692637511592,-74.01507637502004,1.0
91.0,m2,0,0,5.0,156.0,-34.56102738486152,-58.308955432954825,2.0
73.0,m2,1,1,17.0,142.0,-34.577909487829736,-58.35846241673685,2.0
116.0,m2,0,0,2.0,217.0,-34.64523898327037,-58.35150426591218,4.0
87.0,m2,0,0,3.0,183.0,-34.59302839868266,-58.39588695359659,2.0
84.0,m2,0,1,10.0,178.0,-34.60201942583996,-58.39107686891384,2.0
98.04832713754648,m2,0,0,14.0,720.0,40.706485623459805,-74.01688628305533,3.0
111.0,m2,0,0,2.0,218.0,-34.622143698749944,-58.36725644624121,3.0
97.02602230483272,m2,1,0,11.0,915.0,40.69955683789509,-74.00196802087811,3.0
75.0,m2,0,0,12.0,561.0,40.70678901200771,-74.01834782811636,2.0
68.0,m2,0,0,13.0,130.0,-34.61445783491645,-58.37572042423152,2.0
68.0,m2,0,1,4.0,131.0,-34.6606227311101,-58.40896561257596,2.0
89.0,m2,1,1,8.0,185.0,-34.632245224209534,-58.3240930316622,2.0
75.0,m2,0,0,4.0,599.0,40.72069482477328,-74.00180392301316,2.0
86.0,m2,0,0,5.0,145.0,-34.56862871480409,-58.33978591157528,2.0
66.0,m2,1,0,18.0,117.0,-34.55835777216556,-58.3874939932273,2.0
145.0,m2,0,0,6.0,247.0,-34.63085898015664,-58.29949323531539,4.0
94.05204460966544,m2,0,0,7.0,693.0,40.67131723095317,-74.00990391472315,3.0
87.0,m2,0,0,11.0,138.0,-34.56836012896157,-58.32577168954448,2.0
120.0,m2,1,0,17.0,211.0,-34.66222895441714,-58.34887198659866,4.0
49.0,m2,0,0,9.0,86.0,-34.581707903240584,-58.355114566583794,1.0
96.0,m2,1,0,11.0,187.0,-34.639193351324764,-58.39201263033264,3.0
86.0,m2,1,0,17.0,151.0,-34.64005156431948,-58.40104223999552,2.0
59.01486988847584,m2,0,0,8.0,435.0,40.70567864267396,-73.98527569125505,2.0
86.05947955390334,m2,0,0,5.0,655.0,40.70088290894304,-73.97161184963268,2.0
108.0,m2,1,0,15.0,189.0,-34.554458247187306,-58.39365113022453,3.0
102.04460966542752,m2,0,0,14.0,741.0,40.71086247980528,-73.9761352376691,3.0
152.04460966542752,m2,0,0,6.0,1150.0,40.744992686885546,-73.99934182117984,4.0
100.0,m2,1,0,11.0,181.0,-34.551796049323684,-58.40881039461263,3.0
40.05576208178439,m2,0,0,11.0,307.0,40.71946575919038,-74.0123445422626,1.0
117.00743494423791,m2,0,0,8.0,877.0,40.70462448114116,-74.0221928707288,4.0
89.03345724907064,m2,0,0,10.0,664.0,40.69044667388861,-73.99906291150423,2.0
79.0,m2,1,0,19.0,132.0,-34.61563629230106,-58.42506981963036,2.0
50.0,m2,1,1,15.0,99.0,-34.527893050625195,-58.33535081327279,2.0
90.0,m2,1,0,13.0,163.0,-34.569574019853235,-58.36861776671464,2.0
96.0,m2,0,0,3.0,172.0,-34.570933436748355,-58.39674795823836,3.0
84.01486988847584,m2,0,0,11.0,635.0,40.72211041701212,-74.00940928663302,2.0
60.0371747211896,m2,0,0,2.0,480.0,40.698759012208,-73.99203743222799,2.0
145.0,m2,0,0,14.0,263.0,-34.6100982698724,-58.39002645404611,4.0
99.0,m2,1,1,9.0,223.0,-34.62684993035008,-58.39539963162159,3.0
102.0,m2,1,0,14.0,176.0,-34.609664326557166,-58.45950791673753,3.0
140.0,m2,1,0,8.0,267.0,-34.53309575732486,-58.35492869145977,4.0
81.0,m2,1,0,14.0,147.0,-34.639826338572504,-58.30554984405091,2.0
130.0185873605948,m2,0,0,11.0,948.0,40.72249326969758,-73.97726764483569,4.0
99.07063197026022,m2,0,0,1.0,794.0,40.74640662077233,-74.04220105820279,3.0
94.05204460966544,m2,0,0,3.0,748.0,40.71729199765628,-74.02343051496507,3.0
126.02230483271376,m2,0,1,12.0,1061.0,40.72946065597069,-74.00492281109481,4.0
163.10408921933086,m2,0,0,12.0,1227.0,40.7078433547854,-73.99353051799686,5.0
116.0,m2,1,0,8.0,218.0,-34.592764357088456,-58.31338037013816,4.0
147.0,m2,1,0,11.0,279.0,-34.53251398458151,-58.41281143164861,4.0
103.0,m2,0,0,9.0,179.0,-34.62797353259449,-58.38414127430512,3.0
146.09665427509293,m2,1,0,15.0,1385.0,40.70500987886442,-74.01383528109908,4.0
77.0,m2,1,0,16.0,133.0,-34.53598563124724,-58.39269929567443,2.0
66.0,m2,1,0,11.0,118.0,-34.59525939162965,-58.46861386247577,2.0
59.0,m2,1,0,16.0,95.0,-34.52557417476815,-58.402113827454535,2.0
131.0,m2,0,0,2.0,261.0,-34.58777971682022,-58.3958348168555,4.0
80.0,m2,1,1,12.0,160.0,-34.6437705688864,-58.35923290643547,2.0
74.0,m2,1,0,10.0,144.0,-34.6186315573452,-58.39675291635693,2.0
103.0,m2,1,0,8.0,196.0,-34.56776679365628,-58.34990208857227,3.0
81.0,m2,1,1,12.0,162.0,-34.56593821853528,-58.39917978172194,2.0
66.0,m2,1,0,11.0,115.0,-34.56195296529139,-58.388037154331066,2.0
93.02973977695169,m2,0,0,14.0,671.0,40.70280186269815,-74.03877263446923,3.0
86.98884758364312,m2,0,0,6.0,690.0,40.712557160745895,-73.99868197627494,2.0
86.0,m2,0,0,13.0,130.0,-34.53018927575363,-58.36650820987974,2.0
81.04089219330855,m2,0,0,2.0,649.0,40.68815310926465,-73.99892472792324,2.0
131.0,m2,1,0,19.0,232.0,-34.62619712985014,-58.40544883643635,4.0
113.0,m2,0,0,10.0,183.0,-34.661869345943146,-58.38228249959608,3.0
98.0,m2,1,0,11.0,186.0,-34.64185122400002,-58.38379603678256,3.0
138.01115241635688,m2,0,0,14.0,989.0,40.68260115720042,-73.97208646482326,4.0
114.0,m2,0,0,4.0,196.0,-34.64064840413137,-58.3332866619574,3.0
75.0,m2,0,0,4.0,640.0,40.71310033539124,-74.01017197310743,2.0
99.07063197026022,m2,0,0,4.0,792.0,40.705772983379006,-74.00952259178162,3.0
139.0,m2,0,1,7.0,257.0,-34.62613265851222,-58.332297039788735,4.0
93.0,m2,0,0,4.0,180.0,-34.60508362128149,-58.357423395549645,3.0
137.0,m2,0,0,10.0,214.0,-34.55022296767069,-58.39126792444024,4.0
89.0,m2,1,0,20.0,153.0,-34.54277651794098,-58.38452419379265,2.0
136.0,m2,1,0,17.0,243.0,-34.581749938785045,-58.3003614038774,4.0
56.0,m2,0,1,2.0,125.0,-34.63784043327181,-58.40609867498178,2.0
84.01486988847584,m2,0,0,10.0,609.0,40.739525220778965,-73.99837072810051,2.0
107.0,m2,1,0,14.0,212.0,-34.630460830948415,-58.37968635200623,3.0
101.0,m2,0,0,7.0,165.0,-34.56831869842166,-58.33173785946536,3.0
87.0,m2,1,0,9.0,181.0,-34.62174998964807,-58.3590979043404,2.0
116.07806691449814,m2,0,0,14.0,830.0,40.70684332846703,-73.9664749098723,4.0
166.07806691449815,m2,0,1,12.0,1367.0,40.7038377352948,-73.96809168425452,5.0
75.0,m2,0,0,11.0,552.0,40.67650801575509,-73.96953345142468,2.0
51.02230483271376,m2,1,1,13.0,528.0,40.71350968671264,-74.0563486250409,2.0
53.99628252788104,m2,0,1,13.0,454.0,40.71013650803953,-73.9854015624672,2.0
101.02230483271376,m2,0,0,5.0,762.0,40.67259285688717,-73.97015585034812,3.0
80.0,m2,1,0,16.0,139.0,-34.55607869676318,-58.37039624962046,2.0
95.0,m2,1,0,17.0,205.0,-34.61124057193344,-58.388978519036606,3.0
157.0631970260223,m2,0,0,10.0,1909.0,40.71281546352388,-74.00613452688351,5.0
85.03717472118959,m2,0,0,13.0,618.0,40.67883351037963,-74.0261539495176,2.0
93.0,m2,0,0,8.0,563.0,-34.604302186175055,-58.38081880252336,3.0
73.0,m2,1,1,12.0,139.0,-34.61667610938318,-58.30918854153366,2.0
107.06319702602232,m2,1,0,9.0,1006.0,40.74684260874915,-74.01483484750666,3.0
52.04460966542751,m2,0,1,15.0,418.0,40.75194641177705,-73.9711208695655,2.0
98.0,m2,1,1,7.0,207.0,-34.64188007852373,-58.45264397551888,3.0
175.0,m2,1,0,12.0,314.0,-34.54506855831203,-58.38328399956549,5.0
124.0,m2,0,0,8.0,190.0,-34.5397777453872,-58.43759190132807,4.0
94.05204460966544,m2,0,1,4.0,834.0,40.7217520401672,-74.01908327958174,3.0
61.059479553903344,m2,1,0,15.0,565.0,40.73941737877572,-73.97235387937481,2.0
104.0,m2,1,0,16.0,179.0,-34.62196212707006,-58.3294721170211,3.0
99.0,m2,1,0,15.0,185.0,-34.5932983392886,-58.41414764779076,3.0
98.04832713754648,m2,0,0,5.0,804.0,40.70730541379037,-74.00505800117072,3.0
107.06319702602232,m2,0,0,4.0,806.0,40.72343612821658,-74.0515968227848,3.0
66.0,m2,1,1,18.0,142.0,-34.587107625466494,-58.36010267823098,2.0
118.0,m2,1,0,9.0,224.0,-34.618681813287495,-58.41631142803837,4.0
86.98884758364312,m2,0,0,13.0,628.0,40.719921758860565,-74.03198088423312,2.0
106.04089219330857,m2,0,0,10.0,766.0,40.75460734491816,-73.99742904642092,3.0
87.0,m2,0,0,11.0,175.0,-34.59701843489766,-58.38640967463597,2.0
86.05947955390334,m2,0,0,9.0,725.0,40.71637110804629,-74.00512930554399,2.0
79.0,m2,1,0,16.0,145.0,-34.54236720438554,-58.332885725476174,2.0
77.0,m2,1,0,18.0,131.0,-34.66644898182981,-58.35923570962375,2.0
63.0,m2,0,0,13.0,99.0,-34.59882971767889,-58.442675018288895,2.0
199.0,m2,0,0,2.0,396.0,-34.64113194498365,-58.39977053325,5.0
81.0,m2,1,1,13.0,163.0,-34.610129080337494,-58.40841391756838,2.0
52.04460966542751,m2,1,0,15.0,618.0,40.71121447497297,-74.0055876696833,2.0
100.0,m2,0,0,7.0,772.0,40.70703655672786,-73.99882286547236,3.0
68.02973977695167,m2,0,0,14.0,821.0,40.71237061065376,-74.00567210442233,2.0
68.02973977695167,m2,0,0,3.0,531.0,40.66217478092433,-74.0144064921319,2.0
48.97769516728625,m2,0,1,7.0,418.0,40.69380542117959,-73.98082920434025,1.0
140.0,m2,0,0,6.0,353.0,-34.60205245649383,-58.37674132781732,4.0
40.98513011152416,m2,0,0,5.0,327.0,40.71544214151619,-73.99340368995719,1.0
84.01486988847584,m2,0,0,14.0,611.0,40.696458808398006,-73.99097195724252,2.0
112.0,m2,1,0,10.0,205.0,-34.65295708219668,-58.31849757899835,3.0
155.0185873605948,m2,0,0,6.0,1195.0,40.70129718316698,-74.001766077921,4.0
95.0743494423792,m2,0,0,5.0,811.0,40.70908308789765,-74.00351074751977,3.0
135.0371747211896,m2,0,0,2.0,1078.0,40.73489573033679,-73.99133186087045,4.0
57.06319702602231,m2,0,0,14.0,412.0,40.74088326145892,-74.04762836127667,2.0
109.01486988847584,m2,0,0,8.0,837.0,40.709167494351206,-74.01771579085496,3.0
135.0,m2,0,0,15.0,299.0,-34.60140884797462,-58.38690814020167,4.0
171.0,m2,0,1,1.0,467.0,-34.606847990805704,-58.37411596273399,5.0
125.0,m2,1,0,17.0,1146.0,40.74541606088184,-74.0002917812215,4.0
95.0,m2,0,0,5.0,196.0,-34.61284939057044,-58.371159951366295,3.0
79.0,m2,1,0,14.0,138.0,-34.54445933038013,-58.403145269353296,2.0
69.05204460966543,m2,0,0,13.0,509.0,40.72957492541297,-73.9961240151698,2.0
81.0,m2,1,0,15.0,152.0,-34.57966049485357,-58.340434322442704,2.0
114.0,m2,1,0,7.0,224.0,-34.623632419331656,-58.434189605769,3.0
121.00371747211896,m2,0,0,10.0,974.0,40.71711981788567,-74.00233944608446,4.0
94.0,m2,1,0,11.0,174.0,-34.60737998314052,-58.46227597908363,3.0
96.0,m2,0,0,5.0,166.0,-34.5798665083263,-58.29894003431882,3.0
82.06319702602231,m2,0,0,2.0,645.0,40.75615030544159,-73.98526312679368,2.0
67.0,m2,0,0,7.0,133.0,-34.605829791119625,-58.36491713766896,2.0
78.06691449814126,m2,0,1,4.0,696.0,40.724028535604496,-74.00784732549609,2.0
67.00743494423791,m2,0,0,12.0,543.0,40.70877847417853,-74.0085864394681,2.0
128.06691449814127,m2,0,0,8.0,963.0,40.72232194158352,-73.98322904840005,4.0
129.0,m2,1,0,20.0,220.0,-34.58641161655392,-58.4171800162137,4.0
108.0,m2,1,0,17.0,201.0,-34.63391880024705,-58.3625737319133,3.0
63.0,m2,0,0,11.0,105.0,-34.61443939895236,-58.40655805731109,2.0
108.0,m2,1,0,7.0,208.0,-34.61674268541844,-58.313065686012784,3.0
95.0,m2,0,0,14.0,165.0,-34.59389478135432,-58.3652295101526,3.0
78.0,m2,0,1,11.0,152.0,-34.588302536295984,-58.3701786055483,2.0
65.0,m2,1,0,11.0,119.0,-34.630404147134804,-58.319212933595765,2.0
43.0,m2,0,0,3.0,109.0,-34.59871018533711,-58.3758493092571,1.0
99.0,m2,1,0,12.0,176.0,-34.57801570509986,-58.34277658794586,3.0
201.0,m2,0,0,12.0,410.0,-34.60618062004655,-58.389308010623,5.0
67.00743494423791,m2,0,0,8.0,581.0,40.71354986888546,-74.00905654599984,2.0
101.0,m2,1,0,9.0,256.0,-34.609215047846945,-58.382597179622216,3.0
128.06691449814127,m2,0,0,10.0,931.0,40.73589716355758,-73.98434989152109,4.0
55.01858736059479,m2,0,0,14.0,395.0,40.66935345134712,-73.99041944479009,2.0
44.0,m2,0,0,10.0,69.0,-34.583734419727655,-58.40792721145417,1.0
88.01115241635688,m2,1,0,11.0,823.0,40.68678313461263,-74.03597822097099,2.0
113.0,m2,1,0,17.0,196.0,-34.58598833253557,-58.41525028571366,3.0
154.08921933085503,m2,0,0,13.0,1127.0,40.70094342693731,-74.02111169034009,4.0
92.0,m2,0,1,10.0,164.0,-34.56685249585338,-58.35023656918686,3.0
86.0,m2,1,1,13.0,171.0,-34.55800458669081,-58.339507346586,2.0
65.98513011152417,m2,0,1,10.0,560.0,40.693916277511335,-73.98422672044458,2.0
